DN,objectClass,ou,distinguishedName,instanceType,whenCreated,whenChanged,uSNCreated,uSNChanged,name,objectGUID,objectCategory,dSCorePropagationData,cn,sn,physicalDeliveryOfficeName,telephoneNumber,givenName,displayName,memberOf,department,userAccountControl,badPwdCount,codePage,countryCode,badPasswordTime,lastLogoff,lastLogon,pwdLastSet,primaryGroupID,objectSid,accountExpires,logonCount,sAMAccountName,sAMAccountType,userPrincipalName,mail,description,member,groupType
"OU=Muhasebe,OU=Istanbul,OU=Kullanicilar,DC=HAKAN,DC=LOCAL",organizationalUnit,Muhasebe,"OU=Muhasebe,OU=Istanbul,OU=Kullanicilar,DC=HAKAN,DC=LOCAL",4,20221021184028.0Z,20221021184028.0Z,28729,28729,Muhasebe,X'c7d6ef7ff1b7144493daa6f597e3b453',"CN=Organizational-Unit,CN=Schema,CN=Configuration,DC=HAKAN,DC=LOCAL",20221023144525.0Z;16010101000001.0Z,,,,,,,,,,,,,,,,,,,,,,,,,,,
"CN=IM1,OU=Muhasebe,OU=Istanbul,OU=Kullanicilar,DC=HAKAN,DC=LOCAL",user,,"CN=IM1,OU=Muhasebe,OU=Istanbul,OU=Kullanicilar,DC=HAKAN,DC=LOCAL",4,20221022173315.0Z,20221022173315.0Z,33155,33159,IM1,X'04b7a6946e4c7148b7daafaba61981aa',"CN=Person,CN=Schema,CN=Configuration,DC=HAKAN,DC=LOCAL",20221023144525.0Z;16010101000001.0Z,IM1,1,ISTANBUL,05556672802,im,IM 1,"CN=IMGP,OU=Muhasebe,OU=Istanbul,OU=Kullanicilar,DC=HAKAN,DC=LOCAL",Muhasebe,512,0,0,0,0,0,0,133109335955308097,513,X'0105000000000005150000005c675768c2a54f4a5ee931f784040000',9223372036854775807,0,IM.1,805306368,im.1@HAKAN.local,im.1@HAKAN.local,,,
"CN=IM2,OU=Muhasebe,OU=Istanbul,OU=Kullanicilar,DC=HAKAN,DC=LOCAL",user,,"CN=IM2,OU=Muhasebe,OU=Istanbul,OU=Kullanicilar,DC=HAKAN,DC=LOCAL",4,20221022173315.0Z,20221022173315.0Z,33161,33165,IM2,X'de7490ee7a126a4bbd15242833d1df00',"CN=Person,CN=Schema,CN=Configuration,DC=HAKAN,DC=LOCAL",20221023144525.0Z;16010101000001.0Z,IM2,2,ISTANBUL,05556672802,im,IM 2,"CN=IMGP,OU=Muhasebe,OU=Istanbul,OU=Kullanicilar,DC=HAKAN,DC=LOCAL",Muhasebe,512,0,0,0,0,0,0,133109335958086548,513,X'0105000000000005150000005c675768c2a54f4a5ee931f785040000',9223372036854775807,0,IM.2,805306368,im.2@HAKAN.local,im.2@HAKAN.local,,,
"CN=IM3,OU=Muhasebe,OU=Istanbul,OU=Kullanicilar,DC=HAKAN,DC=LOCAL",user,,"CN=IM3,OU=Muhasebe,OU=Istanbul,OU=Kullanicilar,DC=HAKAN,DC=LOCAL",4,20221022173316.0Z,20221022173316.0Z,33167,33171,IM3,X'145404bdfac39d48987b197be889a1fe',"CN=Person,CN=Schema,CN=Configuration,DC=HAKAN,DC=LOCAL",20221023144525.0Z;16010101000001.0Z,IM3,3,ISTANBUL,05556672802,im,IM 3,"CN=IMGP,OU=Muhasebe,OU=Istanbul,OU=Kullanicilar,DC=HAKAN,DC=LOCAL",Muhasebe,512,0,0,0,0,0,0,133109335960914915,513,X'0105000000000005150000005c675768c2a54f4a5ee931f786040000',9223372036854775807,0,IM.3,805306368,im.3@HAKAN.local,im.3@HAKAN.local,,,
"CN=IM4,OU=Muhasebe,OU=Istanbul,OU=Kullanicilar,DC=HAKAN,DC=LOCAL",user,,"CN=IM4,OU=Muhasebe,OU=Istanbul,OU=Kullanicilar,DC=HAKAN,DC=LOCAL",4,20221022173316.0Z,20221022173316.0Z,33173,33177,IM4,X'4f5ba68efb9cea4489bc2339e9e62efc',"CN=Person,CN=Schema,CN=Configuration,DC=HAKAN,DC=LOCAL",20221023144525.0Z;16010101000001.0Z,IM4,4,ISTANBUL,05556672802,im,IM 4,"CN=IMGP,OU=Muhasebe,OU=Istanbul,OU=Kullanicilar,DC=HAKAN,DC=LOCAL",Muhasebe,512,0,0,0,0,0,0,133109335963698824,513,X'0105000000000005150000005c675768c2a54f4a5ee931f787040000',9223372036854775807,0,IM.4,805306368,im.4@HAKAN.local,im.4@HAKAN.local,,,
"CN=IMGP,OU=Muhasebe,OU=Istanbul,OU=Kullanicilar,DC=HAKAN,DC=LOCAL",group,,"CN=IMGP,OU=Muhasebe,OU=Istanbul,OU=Kullanicilar,DC=HAKAN,DC=LOCAL",4,20221022173316.0Z,20221022173317.0Z,33179,33186,IMGP,X'd4368fdcf7c5b945aeb74774c388e42f',"CN=Group,CN=Schema,CN=Configuration,DC=HAKAN,DC=LOCAL",20221023144525.0Z;16010101000001.0Z,IMGP,,,,,,,,,,,,,,,,,X'0105000000000005150000005c675768c2a54f4a5ee931f788040000',,,IMGP,536870913,,,IMGP,"CN=IM4,OU=Muhasebe,OU=Istanbul,OU=Kullanicilar,DC=HAKAN,DC=LOCAL;CN=IM3,OU=Muhasebe,OU=Istanbul,OU=Kullanicilar,DC=HAKAN,DC=LOCAL;CN=IM2,OU=Muhasebe,OU=Istanbul,OU=Kullanicilar,DC=HAKAN,DC=LOCAL;CN=IM1,OU=Muhasebe,OU=Istanbul,OU=Kullanicilar,DC=HAKAN,DC=LOCAL",4
